{"cameraMode":{"drawMode":0,"name":"Shaded","section":"Shading Mode"},"sceneLighting":false,"audioPlay":false,"sceneViewState":{"showFog":true,"showMaterialUpdate":false,"showSkybox":true,"showFlares":true,"showImageEffects":true,"showParticleSystems":true},"in2DMode":false,"pivot":{"x":-0.49807024002075198,"y":10.934127807617188,"z":20.125110626220704},"rotation":{"x":0.10378000885248184,"y":-0.6907888650894165,"z":0.10125301778316498,"w":0.7084029316902161},"size":15.61902141571045,"orthographic":true}